[
  {
    "recordId": "1-4m-4-f1sh",
    "privateKey": "1ab38027228aef9a6642d6acbf7aa62e8db18795cc09c3e03586e49396afb3df",
    "updates": [
      {
        "name": "temperature",
        "dataType": 2,
        "value": 500000,
        "isRelative": true,
        "startValue": -2000000
      },

      {
        "name": "location",
        "dataType": 4,
        "value": {
          "latitude": -56740,
          "longitude": -99300
        },
        "isRelative": true,
        "isAverage": true
      },

      {
        "name": "tilt",
        "dataType": 1,
        "value": {
          "x": 5000000,
          "y": 5000000
        },
        "isRelative": true
      },

      {
        "name": "shock",
        "dataType": 1,
        "value": {
          "accel": 10000000,
          "duration": 500000
        },
        "isAlwaysPositive": true,
        "noOpChance": 0.9
      }
    ]
  },

  {
    "recordId": "1-4m-sm0l-f1sh",
    "privateKey": "1ab38027228aef9a6642d6acbf7aa62e8db18795cc09c3e03586e49396afb3df",
    "updates": [
      {
        "name": "temperature",
        "dataType": 2,
        "value": 1000000,
        "isRelative": true,
        "startValue": 4000000
      },

      {
        "name": "location",
        "dataType": 4,
        "value": {
          "latitude": -90360,
          "longitude": -61290
        },
        "isRelative": true,
        "isAverage": true
      },

      {
        "name": "tilt",
        "dataType": 1,
        "value": {
          "x": 2500000,
          "y": 2500000
        },
        "isRelative": true
      },

      {
        "name": "shock",
        "dataType": 1,
        "value": {
          "accel": 5000000,
          "duration": 500000
        },
        "isAlwaysPositive": true,
        "noOpChance": 0.95
      }
    ]
  },

  {
    "recordId": "1-4m-n0t-f1sh",
    "privateKey": "063f9ca21d4ef4955f3e120374f7c22272f42106c466a91d01779efba22c2cb6",
    "updates": [
      {
        "name": "temperature",
        "dataType": 2,
        "value": 3000000,
        "isRelative": true,
        "startValue": 35000000
      },

      {
        "name": "location",
        "dataType": 4,
        "value": {
          "latitude": -215515,
          "longitude": -1073695
        },
        "isRelative": true,
        "isAverage": true
      },

      {
        "name": "tilt",
        "dataType": 1,
        "value": {
          "x": 10000000,
          "y": 10000000
        },
        "isRelative": true
      },

      {
        "name": "shock",
        "dataType": 1,
        "value": {
          "accel": 20000000,
          "duration": 500000
        },
        "isAlwaysPositive": true,
        "noOpChance": 0.8
      }
    ]
  }
]